UserName,UserPassword,User_FirstName,User_MiddleName,User_LastName,PhoneNumber,Customer_HouseNumber,Customer_Pincode,Customer_City,Customer_Locality
nagligFF,zqfJ9wQJ,Kara,Jaquelin,Phelps,9229826414,C-20/3,110009,Delhi,"Dhakka, Kingsway Camp"
krijepihS7,Hp53rwhe,Fletcher,Reilly,Riley,9653274039,"1st Floor, Electron House",400025,Mumbai,Prabhadevi
skyboisI,gU5mwKY4,Alexi,Jaime,Justice,9994822736,3-6-419/c,500029,Hyderabad," Street No 3, Opp Gangotri Apts, Himayat Nagar"
siakgn,9CPcZBmy,Kasey,Mariel,Ayala,9654017046, Champa Nivas,400016,Mumbai,"Opp City Light Cinema, Mahim"
KwamqC,Z4wZnVLB,Haylie,Brylee,Rose,9217403589,"113/a, Maskati Mahal,",400002,Mumbai,"K.m.sharma Marg, Lohar Chawl"
esluatsJl,ef56YgvB,Celeste,Nichole,Lancaster,9249245188,"5, Anandi Niwas",400062, Mumbai,"Station Road, Goregaon (w)"
shvateMk,YHGqCY5v,Josef,Britton,Rollins,9834587216,8810,110005,Delhi,"Raja Lane, New Rohtak Road, Shidi Pura"
InventymnWextDi,9FQX7ndQ,Amirah,Dahlia,Blaylock,9081666972," 13, B Block, Durlabh Bhavan",400004,Mumbai,"Jaal Bhai Street, Rajaram Roy Rd, Grant Road(e)"
reepsillhibzX,rhPaYW8H,Alice,Siobhan,Easter,9619942699,Shop No.98,390002, Vadodara,"Staion Road, Staion Road"
Tragweino7,Fb7Vr2PV,Mikel,Alec,Mann,9238117475,"72, Part 4",110024,Delhi,National Park
SanillolA,CU5N7QMk,Deana,Ingrid,Craven,9575649743,B/1003,500018,Hyderabad,Fathenagar
Dirlbleprob1F,L7MhBwu7,Alexandria,Julianna,Burrell,9960608302,Shop No 3 Sector 28,201301,Delhi,Alaknanda Shopp Complex
ciprskegadB,N6fNefSW,Ezekiel,Randall,Regalado,9980577447,58,400001,Mumbai,"Mint Road, Fort"
colmenaropinaWz,MyC54w8n,Milo,Charlie,Stuart,9729739374,"28, H",560002,Bangalore,Siddaiah Road
GiordazT,Sf3CKGfz,Keyanna,Kalli,Lomax,9693125800,"101, Shreeji Bhavan",400004,Mumbai,"Tata Road No 2, Girgaon"
helloxdare7X,L2vZQ6JL,Lori,Hollie,Hirsch,9021636363,24 Laram Shpng Centre,400058,Mumbai," A / 30 S.v.road, Opp Platform No 6, Andheri (west))"
tirlintiVT,eeN6zS6K,Daveon,Kane,Souza,9775263603,"P68, D2-block",411019,Pune,"Midc., Chinchwad"
blestelwC,sAm6qxgZ,Kylie,Karah,Witte,9929841268,Newno 34,600002,Chennai,"64 3rd Street, Pudupet"
ulkeartPS,Aa2PwUYc,Kaleigh,Kiarra,Dwyer,9157933907,"19, Hira Paana",401203,Mumbai,"Station Rd, Nalasopara(w)"
r1sta4p,qhs7UMgE,Marlena,Isha,Henriquez,9997357374,"28, 6 5,",560027,Bangalore,Sampangirama Nagar
proenzimasV,QnSfQ53A,Maya,Keara,Duffy,9012689526,B-304 Sagar Samrat,380051,Ahmedabad,"Times Of India Press Road,Satellite"
falenickimA,DwhbE3zS,Gerard,Camron,Singleton,9246280914,"404, 1/3, Sujata Chambers,",400009,Mumbai,"A.b. Gandhi Marg, Nr Middle Bridge Of Station, Masjid Bunder (east)"
tungstatsy9,C978YzgA,Emelia,Denise,Hendrickson,9403565376,"155,jewellerstblr-1",560001,Bangalore,Jeweller Street
fashionisticsQM,upNbN8jR,Justus,Houston,Hagan,9719117154,206/b,500003,Hyderabad,S D Road
telexeP0,h7xhQUpJ,Steve,Koby,Cornejo,9376424904,"201, Shrinath Krupa Ii,",400066,Mumbai,"201 Karter Road 5, Borivali (east)"
Tamov0U,hD2TdRwL,Chandler,Vaughn,Burkholder,9199265303,"K-42, Sitaram Bldg",400001,Mumbai,Paltan Road
metidoN1,Mgs3KY2T,Jania,Claudia,Zeigler,9212721477,Plot No 70,400093, Mumbai,"C Cross Road, Midc, Marol, Andheri (west)"
CosselluGM,H8r3w6FY,Levi,Peter,Jackson,9871569135,"95, Gr Floor",400002,Mumbai,"Dr A M Road, Opp Anantwadi, Bhuleshwar"
penheravicG,b9b9yHRX,Daylon,Paris,Clancy,9055776117," 21, Sheetal Shopping Centre,",401105,Mumbai,"B.p.road, Bhayander (e)"
benvengutS5,pVj8TZ3p,Keyonna,Renee,Downs,9184612575,"Shop No 3, Shree Shakti Coop Soc",401105, Mumbai," Bhd Shaktiganga C Bldg Oop Rly Stat, Bhayander (e)"
HampWeemeb6,zNY4aAJe,Triston,Bryant,Vega,9408841715,"1, Mahadev Tower",400602,Mumbai,"Bombay Agra Rd, Naupada, Thane(w)"
SkalecG,B8Zhqfqc,Ernesto,Jeremiah,Burgos,9748504413,"10402/9, Multani Dhanda",110055,Delhi,"Street No 13, Pahar Ganj"
krienauja93,sw7yXmJg,Galen,Todd,Tatum,9301484719,78 M,600053,Chennai," J R Hussian St, Krishna Puram"
mgomezI1,CA4mAf6u,Kinsey,Sarai,Ledesma,9254617083,"1/1, Shant Manor",400101,Mumbai,"Atmaram Sawant Marg, Near Childrens Academy Sc, Kandivli(e)"
xnickweirxf1,TgEp4aXD,Jonathan,Luis,Carlton,9952256864,"B/411, Samruddhi",400092,Mumbai,"Tps Road, Off Fatory Lane, Borivli(w)"
JustinovKg,UZ6zPLec,Jaclyn,Lyndsay,Roush,9603078458,T No 4,110032,Delhi,Naveen Shahdara
SagariaGF,ZRn97Jck,Lilian,Teagan,Musser,9833875399,"Shop No 42, Amrapali Shopping Arcade",400602,Mumbai,"Vasant Vihar, Thane (west)"
ko2re2nyr,bwg9CVhA,Juwan,Cannon,Atwell,9599231025,"954, Gate No 5",400095,Mumbai,"Bmc Colony, Malwani, Malad (west)"
criollos6y,wt4Ejg78,Tionna,Kirstyn,McCloud,9047452017,"Shop 1 2, Surang Shop Centershopping Centre",400054,Mumbai,"Station Rd, Santacruz (w)"
Subbianid3,zeay9cdP,Tevin,Aiden,Burgos,9644968289,"6, Shanti Niketan",400017,Mumbai," Dr Ambedkar Road, Matunga (east)"
Pellino1I,7EZKaxDZ,Andre,Dandre,McArthur,9884496106,"3, Bhandup Laghu Udyog Mandal",400078,Mumbai,"Nr Bhandup Police Station, M D Shah, Bhandup - W"
trex31c5y,sj4aTmsP,Harley,Darwin,Acker,9189909266,"10/a  The Emperor,",390002,Vadodara,"Fatehgunj Main Road, Fatehgunj Main Road"
waynwonderS4,6WTXX2ud,Amiya,Drew,Upton,9864305302,"35, Shop No-147",600014,Chennai,"150, I O A Complex, R H Road, Royappe"
laiyinkwanS3,bCk9vvnL,Kameron,Deion,Pardo,9790297293,58,400003,Mumbai,"Off Nagdevi Street, Bhaji Pala Lane, Nagdevi"
CastruccirQ,2z85mfUm,Kaytlyn,Katelin,Herrick,9749816884,"13, 5 Th Flr, Palekar Chambers",400002,Mumbai,"1 St Marine Street, Anantilal Podar Marg, Opp To Metro, Dhobi Talao"
ds3u4u4To,BkGyuSv9,Tayler,Fredy,Mohamed,9235378261,"376 A,",110065,Delhi,Sant Nagar
itsaso834L,TRBKm2QJ,Nathanael,Tristin,Osborn,9496414648,"438, A1, Nahar & Seth Indl Estate,",400013,Mumbai,"Ramkrishna Mandir Rd, Lower Parel (west)"
PerancinFX,x8CxF72S,Kristin,Maryjane,Solis,9210269848,"8, Koli Samji Bldg No 1",400015,Mumbai,"Sewree Koliwada Rd, Sewree"
virile0U,vFD4wChN,Azaria,Breann,Ng,9616805959,228,400027,Mumbai,"Ambedkar Road, Opp Gloria Church, Byculla"
duarFI,fnRhWer8,Dianna,Malaysia,Rudd,9403574746," Unit No 1, Post Office Bldg",401303,Mumbai,"Satyabhama Ind Estate, Virar"
grupooctavoUQ,wMGvgPU7,Maritza,Anna,Giron,9435918380,"Room No 65 1st Flr, 34/a, K J Trust Bldg",400009,Mumbai,"Kakad Street, Masjid Bunder(e)"
geoffreertO,m4T5xuW3,Daniel,Demarcus,Devore,9430390465,Plot No 41 Adarsh,410221,Mumbai,"Sector 15, Grant Road"
MMDXXVhJ,U3QY2FKy,Marvin,Clayton,Goldman,9881502437,"30, Central St, Bharath Villa",641046,Coimbatore,"Annai Indira Nagar, Bharathiar University Po"
shortfreak116Vx,5dtBPh9B,Destinie,Heidy,Goldsmith,9637856657,356,400057,Mumbai,"Service Road, Near Highway, Vile Parle (east)"
mirrinoVc,nNRMB4fu,Jaquan,Irvin,Cormier,9249758060,"566/2, Vibhooti",382009,Ahmedabad,"Sector 8, Gandhi Nagar"
tangoprimeTY,Gy8kuCTY,Halley,Erykah,Alley,9421124669,"2/3, Panduranag Niwas",400601,Mumbai,"Dr Ambedkar Marg, Near S T Workshop. Khopat, Thane (west)"
sinistrasdg,N8e37tHD,Emelia,Gisselle,McCarthy,9357320753,3523/49 A,110006,Delhi,"Shri Balaji Market, Gali Haqim Baqa, Hauz Quazi"
coldplayfan13fZ,BG9bZW4X,Aidan,Willis,Harlan,9207291678,"4/32, 12-a, Deepak Building",400026,Mumbai,"Opposit Jaslok, Peddar Road"
ingagiarAX,7cuwyH4g,Ramon,Shamar,Fink,9966550221,"Plot No 9 &10, Govt Hsg Soc, Shaflya",410206, Mumbai," Sector 2, Opp Bharat Gas, Panvel, Navi Mumbai"
Lucifero4R,Cw24rHnp,Kacie,Gracie,Chance,9307141956,"431, 1 St Flr, Sangrajka House",400004,Mumbai, Lamington Road
SuriaudidocalXA,eNQW9YmM,Jean,Rhea,Cowart,9157787229,Plot 186,121001,Delhi,Faridabad
formiraal,wb6f44Df,Lloyd,Rex,Menendez,9479408072,35,560001,Bangalore,"Quadrant Road, Shivaji Nagar"
filmcede0,6kqaDNaK,Randy,Mauro,Lira,9371222647,293-raja Street,641001,Coimbatore,Townhall
stumpfffff0I,xVHsxcS8,Jovani,Jadyn,Montanez,9404998065,"65, Dr Besant Road",600014,Chennai,Royapettah
u2c1blJ,j9AXXAtj,Tristan,Ramiro,Ryan,9515085921,"5, C, Mahavir Enterprises",400086,Mumbai,"J V Road, Khot Lane, Ghatkopar (west)"
OheimbO,spPgE2Hk,Clyde,Johnson,Mason,9549965745,"112, Sati Indl Estate",400063,Mumbai," I B Patel Rd, Goregaon( East)"
srutynasrw,QM5pKZ2R,Christin,Anjali,Feldman,9020347489,C 13,110015,Delhi,Ashiana Tower
StarovaXI,ybewmM4J,Kasey,Trisha,Self,9315352643,3rd Floor Hashim Bldg,400001,Mumbai,40 Vir Nariman Road
seekx23,9kTZtP7x,Gary,Dimitri,Peck,9381450375,"8, Latif Building",400001,Mumbai,"Pitha Cross Lane, Off Janmabhumi, Crawford Market"
meritist9,Ku8n2k5C,Armando,Zachary,Anglin,9599415395, A-27 G,201301,Delhi,Noida
TrumpenauBu,eM4Hj6tn,Darcy,Julianna,Seay,9775484587,576/5,110006,Delhi,"Ganda Nala Bazar, Hamilton Road, Kashmere Gate"
JudiegoF9,YxAJ9J7J,Uriah,Luke,Rock,9009719011,"6, Daruwala Compound",400064,Mumbai,"S V Rd, Opp Vijay Apt, Malad (west)"
OlianasyD,7fbDyqVS,Cyrus,Karson,Torrez,9921673503,"44, Matru Samaj",400004,Mumbai,"V P Road, Girgaon"
Deriobz,Bf4xJuGq,Walker,Deandre,Schuler,9862245867,"16, Taramati Bhavan",400078,Mumbai,"Tembi Pada Rd, Sai Hill, Bhandup(w)"
Rohryx,77hdu5AB,Holden,Pedro,Cronin,9047518115,474-475,122001,Delhi,"3, Udyog Vihar, Udyog Vihar, Gurgaon"
alpinizmaWP,U9hgyXvP,Lia,Allyssa,Hughes,9937635452,276/78,400003,Mumbai,"Samuel Street, Mandvi"
frejoladaWL,xwX6Cjvr,Jarod,Willis,Purcell,9751205322,84,421002,Mumbai,"Japani Bazar, Ulhasnagar"
rapskootIC,6vhXAVUs,Lisbeth,Dawn,Linares,9931539145,74 Maddox Street,600112,Chennai,Choolai
mapetitefermeym,5hFf24ER,Charlie,Madalyn,Downs,9506590717,"17-a, New India Centre",400039,Mumbai,"Cooperage Road, Opp Oval Maidan, Council Hall"
dreamecaEY,WA4GqnEP,Matteo,Lewis,Owens,9876264405,Cornelian Property,400036,Mumbai,"108 August Kranti Marg, Opp. Cumballa Hill Hospital., August Kranti Marg"
pistratW8,HpN3LQmn,Madalynn,Myranda,Delaney,9976454947,Shop No 8,560009,Bangalore,"1st Main Road, Gandhinagar"
Vacheciczexyk,JFL4qJKm,Caylee,Daijah,Brenner,9519986518,"905/906, 212, Tulsiani Chambers",400021,Mumbai,"Free Press Journal Rd, Nariman Point"
rhagenwha,X6j5hkDb,Irvin,Miguelangel,Odom,9723986037,"Plot 46, Shop 26",400043,Mumbai,"Main Rd, Shivaji Ngr, Govandi (west)"
yve1riYt,7wchrppW,Anna,Judith,Mcnutt,9318644588,"737, Stockexchange Rotunda",400001,Mumbai,"Dalal Street, Gpo, Fort"
radtester8zo,FuG4MwVb,Malachi,Alfredo,Gross,9579082525,"2nd Floor,77, Sp-3, 102 Kailash Indl Complex",400079,Mumbai,"E L B S Road, Gpo, Vikhro"
alfredaCG,vVpMWLP7,Carli,Kaili,Hutchings,9272911654,12-7-125/1/a,500017,Hyderabad,Mettuguda
DresoumemowD8,4PRtVnMc,Vincenzo,Danny,Ness,9158966082,"Room No.307, 3rd Flr Birya House",400001,Mumbai,265 Bazar Gate Street
BEFRd,Qv3jMqT4,Giselle,Shania,Ashby,9067349582,"4, Rishikesh Bldg",400064,Mumbai,"Evershine Nagar, Malad(w)"
mudezjr,dtGsSy7x,Hailey,Alyson,Waters,9510186544,Todkar House,390001,Vadodara,"nr Ramway Plaza, Dandia Bazar"
podlimIx,VdTAEbw7,Jodie,Yazmine,Herrmann,9874879287,"103, Pocket D &e",110044,Delhi," Local Shopping Complex 1st Floor, Sarita Vihar"
telrunyaaaW3,xbn4nw5Z,Raelynn,Berenice,Sample,9520127563,Plot No J 49,410208,Mumbai,"208, Midc, Taloja, Navi Mumbai"
sebenarXc,rPVk7tjW,Ronan,Treyton,Groves,9275079859,"7, Bundimutt",560002,Bangalore,Avenue Road
evetrenzas2J,6BhKsDaa,Cedrick,Trayvon,Bolin,9539345050,Nr Zakaria Masjid,380001,Ahmedabad,Relief Road
oxidgigTith2g,fkXVD2Tj,Jaylene,Eileen,Cosby,9187430508,S. V. Road,400052,Mumbai,Khar
linaye3a,4AxcjS3V,Claudio,Mathew,Murdock,9373924556,"4, Dm Shammanna Cplx",560036,Bangalore,Dvasandra Mn Rd Krishnarajapuram
Mofedisi5l,VPJtr6KU,Juliette,Shirley,Edmonds,9575424561,"Shop No 6, ",401101,Mumbai,"Ambika Park No 8, Janata Nagar Road, Bhayander (w)"
semuinduFG,22X3V2Nc,Daryl,Gavin,Roark,9651075795,"67/2,gundopanthstblr-2",560002,Bangalore,"Behind Sri Krishna Rajendra Market, Gundopanth Street"
ticseniesWp,B8Y9cCca,Rodrigo,Arthur,Carl,9851075133,B/24,380014,Ahmedabad,Income Tax
povodnogQK,SNkTcs55,Chris,Amos,Farias,9412874213,"102, F-20, Green Crest",400053,Mumbai,"Yamuna Nagar, Opp Parsurampuria Tower, Andheri (west)"
GabieEn,Cx4WwtZf,Tiana,Nelly,Barnard,9465604993,Asm House,400055,Mumbai,"7th Golibar Road, Santacruz (east)"
